Model,Accuracy,Precision,Recall,F1-Score,AUC,Training Time
EGraphSAGE,0.6013542107490478,0.9914953933380581,0.600686990124517,0.7481283422459893,0.7055224408355012,7.983183860778809
GCN,1.0,1.0,1.0,1.0,0.5,2.589344024658203
GAT,1.0,1.0,1.0,1.0,0.5,2.8791229724884033
GraphSAGE,1.0,1.0,1.0,1.0,0.5,1.7150614261627197
Hybrid,1.0,1.0,1.0,1.0,0.5,4.886716604232788
