Model,Accuracy,Precision,Recall,F1-Score,AUC,Training Time
EGraphSAGE,0.6724502750740584,0.9917773561037319,0.6732503220266208,0.8020460358056266,0.7120640012123354,5.866415023803711
GCN,1.0,1.0,1.0,1.0,0.5,1.3011195659637451
GAT,1.0,1.0,1.0,1.0,0.5,2.7162413597106934
GraphSAGE,1.0,1.0,1.0,1.0,0.5,1.3327465057373047
Hybrid,1.0,1.0,1.0,1.0,0.5,5.300563335418701
